First,Last,Age,Experience_Years,Salary,Department
Alice,Johnson,28,6.50,45000.00,Marketing
Bob,Smith,34,12.25,85000.00,Software Development
Carol,Davis,22,0.75,35000.00,Marketing
David,Wilson,45,23.00,78000.00,Finance
Emma,Brown,31,9.50,92000.00,Software Development
Frank,Miller,29,7.25,48000.00,Marketing
Grace,Lee,26,4.50,52000.00,Human Resources
Henry,Taylor,38,16.75,95000.00,Finance
Iris,Chen,24,2.25,72000.00,Software Development
Jack,Anderson,42,20.50,89000.00,Finance
Kelly,Martinez,33,11.00,52000.00,Marketing
Liam,Thompson,27,5.75,55000.00,Human Resources
Maya,Patel,30,8.25,88000.00,Software Development
Noah,Garcia,36,14.50,82000.00,Finance
Olivia,Rodriguez,25,3.75,42000.00,Marketing
Paul,Kim,41,19.25,115000.00,Software Development
Quinn,O'Connor,23,1.50,38000.00,Marketing
Rachel,Green,39,17.75,87000.00,Finance
Sam,Jackson,32,10.50,54000.00,Marketing
Tina,Williams,35,13.25,98000.00,Software Development
Arthur,Henderson,52,30.00,105000.00,Finance
Betty,Morrison,67,45.50,78000.00,Human Resources
Charles,Foster,48,26.75,125000.00,Software Development
Diana,Stone,71,49.25,112000.00,Finance
Edward,Cooper,59,37.50,65000.00,Marketing
Florence,Baker,63,41.00,75000.00,Human Resources
George,Clark,46,24.25,120000.00,Software Development
Helen,Wright,84,62.75,118000.00,Finance
Ivan,Phillips,55,33.50,68000.00,Marketing
Julia,Adams,78,56.00,82000.00,Human Resources
Michael,Roberts,29,7.50,62000.00,Research
Sarah,Lewis,35,13.75,58000.00,Research
James,Walker,41,19.00,72000.00,Research
Lisa,Hall,27,5.25,56000.00,Research
Ryan,Young,33,11.50,68000.00,Research
Amanda,King,39,17.25,75000.00,Research
Kevin,Scott,25,3.00,52000.00,Research
Nicole,Turner,31,9.75,64000.00,Research
Brandon,Parker,37,15.50,78000.00,Research
Jessica,Evans,26,4.75,54000.00,Research
Tyler,Collins,30,8.00,61000.00,Research
Ashley,Stewart,34,12.00,69000.00,Research
Jason,Morris,40,18.50,82000.00,Research
Megan,Reed,28,6.75,58000.00,Research
Chris,Bailey,32,10.25,66000.00,Research
Lauren,Cooper,36,14.25,73000.00,Research
Andrew,Richardson,38,16.00,79000.00,Research
Stephanie,Cox,24,2.50,50000.00,Research
Daniel,Ward,42,20.00,85000.00,Research
Jennifer,Torres,29,7.00,59000.00,Research
Matthew,Peterson,35,13.00,70000.00,Research
Michelle,Gray,31,9.25,63000.00,Research
Joshua,Ramirez,37,15.75,77000.00,Research
Emily,James,26,4.25,53000.00,Research
William,Watson,33,11.75,67000.00,Research
Samantha,Brooks,39,17.50,80000.00,Research
Joseph,Kelly,27,5.50,57000.00,Research
Rebecca,Sanders,34,12.50,71000.00,Research
Anthony,Price,40,18.75,83000.00,Research
Kimberly,Bennett,25,3.50,51000.00,Research
Mark,Wood,38,16.25,76000.00,Research
Amy,Barnes,32,10.75,65000.00,Research
Steven,Ross,41,19.50,84000.00,Research
Laura,Henderson,28,6.25,60000.00,Research
Brian,Coleman,36,14.75,74000.00,Research
Angela,Jenkins,30,8.50,62000.00,Research
Eric,Perry,43,21.25,88000.00,Research
Michelle,Powell,35,13.50,72000.00,Research
David,Long,29,7.75,61000.00,Research
Lisa,Patterson,37,15.25,75000.00,Research
Robert,Hughes,41,19.75,86000.00,Research
Karen,Flores,33,11.25,68000.00,Research
Thomas,Washington,39,17.00,81000.00,Research
Nancy,Butler,27,5.00,56000.00,Research
Richard,Simmons,44,22.50,89000.00,Research
Susan,Foster,31,9.00,64000.00,Research
Charles,Gonzales,38,16.50,78000.00,Research
Patricia,Bryant,26,4.50,55000.00,Research
Christopher,Alexander,42,20.25,87000.00,Research
Barbara,Russell,34,12.75,70000.00,Research
Daniel,Griffin,40,18.25,84000.00,Research
Dorothy,Diaz,28,6.50,59000.00,Research
Kenneth,Hayes,36,15.00,76000.00,Research
Helen,Myers,32,10.50,66000.00,Research
Paul,Ford,45,23.25,92000.00,Research
Betty,Hamilton,37,15.50,77000.00,Research
George,Graham,29,7.25,60000.00,Research
Sandra,Sullivan,41,19.25,85000.00,Research
Edward,Wallace,33,11.00,67000.00,Research
Donna,Woods,39,17.75,82000.00,Research
Ronald,Cole,35,13.25,71000.00,Research
Carol,West,27,5.75,58000.00,Research
Anthony,Jordan,43,21.00,88000.00,Research
Ruth,Owens,31,9.50,65000.00,Research
Kevin,Reynolds,38,16.75,79000.00,Research
Sharon,Fisher,26,4.00,54000.00,Research
Larry,Ellis,42,20.50,86000.00,Research
Michelle,Harrison,34,12.25,69000.00,Research
Frank,Gibson,40,18.00,83000.00,Research
Cynthia,Mcdonald,28,6.00,57000.00,Research
Gregory,Cruz,36,14.50,74000.00,Research
Diane,Marshall,32,11.25,66000.00,Research
Harold,Ortiz,44,22.25,90000.00,Research
Julie,Gomez,30,8.75,63000.00,Research
Arthur,Murray,37,15.75,78000.00,Research
Joyce,Freeman,25,3.25,52000.00,Research
Wayne,Wells,41,19.00,84000.00,Research
Virginia,Webb,33,11.50,68000.00,Research
Ralph,Simpson,39,17.25,81000.00,Research
Frances,Stevens,29,7.50,61000.00,Research
Lawrence,Tucker,45,23.50,93000.00,Research
Phyllis,Porter,35,13.75,73000.00,Research
Benjamin,Hunter,27,5.25,57000.00,Research
Evelyn,Hicks,43,21.50,89000.00,Research
Roy,Crawford,31,9.75,64000.00,Research
Cheryl,Henry,38,16.25,77000.00,Research
Eugene,Boyd,26,4.75,56000.00,Research
Martha,Mason,42,20.75,87000.00,Research
Louis,Morales,34,12.00,70000.00,Research
Rose,Kennedy,40,18.50,85000.00,Research
Philip,Warren,28,6.75,58000.00,Research
Jean,Dixon,36,14.00,75000.00,Research
Alan,Ramos,32,10.00,67000.00,Research
Norma,Reeves,44,22.00,91000.00,Research
Terry,Burns,30,8.25,62000.00,Research
Sean,Gordon,37,15.25,76000.00,Research
Marilyn,Shaw,25,3.75,53000.00,Research
Russell,Holmes,41,19.50,86000.00,Research
Jacqueline,Rice,33,11.75,69000.00,Research
Bruce,Robertson,39,17.50,82000.00,Research
Gloria,Hunt,29,7.00,60000.00,Research
Willie,Black,45,23.75,94000.00,Research
Denise,Daniels,35,13.00,72000.00,Research
Gerald,Palmer,27,5.50,58000.00,Research
Judith,Mills,43,21.75,90000.00,Research
Howard,Nichols,31,9.25,65000.00,Research
Theresa,Grant,38,16.00,78000.00,Research
Billy,Knight,26,4.25,55000.00,Research
Janice,Ferguson,42,20.00,87000.00,Research
Henry,Stone,34,12.50,71000.00,Research
Marie,Rose,40,18.75,84000.00,Research
Carl,Stanley,28,6.25,59000.00,Research
Madison,Brooks,22,0.50,68000.00,Software Development
Ethan,Cooper,24,2.75,75000.00,Software Development
Grace,Murphy,26,4.00,82000.00,Software Development
Liam,Rivera,23,1.25,71000.00,Software Development
Sophia,Bailey,25,3.25,78000.00,Software Development
Noah,Reed,27,5.50,86000.00,Software Development
Emma,Kelly,29,7.00,94000.00,Software Development
Oliver,Cox,31,9.75,102000.00,Software Development
Ava,Ward,33,11.25,108000.00,Software Development
William,Torres,35,13.50,116000.00,Software Development
Isabella,Peterson,37,15.00,124000.00,Software Development
James,Gray,39,17.75,132000.00,Software Development
Charlotte,James,41,19.25,138000.00,Software Development
Benjamin,Watson,43,21.50,145000.00,Software Development
Mia,Brooks,24,2.50,74000.00,Software Development
Alexander,Kelly,26,4.75,81000.00,Software Development
Amelia,Sanders,28,6.50,89000.00,Software Development
Michael,Price,30,8.25,96000.00,Software Development
Harper,Bennett,32,10.00,104000.00,Software Development
Elijah,Wood,34,12.75,112000.00,Software Development
Evelyn,Barnes,36,14.25,119000.00,Software Development
Logan,Ross,38,16.50,127000.00,Software Development
Abigail,Henderson,40,18.00,134000.00,Software Development
Lucas,Coleman,42,20.25,141000.00,Software Development
Emily,Jenkins,44,22.75,148000.00,Software Development
Mason,Perry,25,3.75,79000.00,Software Development
Elizabeth,Powell,27,5.25,87000.00,Software Development
Ethan,Long,29,7.50,95000.00,Software Development
Avery,Patterson,31,9.00,103000.00,Software Development
Jacob,Hughes,33,11.50,110000.00,Software Development
Ella,Flores,35,13.75,118000.00,Software Development
Jackson,Washington,37,15.50,125000.00,Software Development
Scarlett,Butler,39,17.25,133000.00,Software Development
Aiden,Simmons,41,19.00,140000.00,Software Development
Victoria,Foster,43,21.25,147000.00,Software Development
Carter,Gonzales,22,0.75,69000.00,Software Development
Grace,Bryant,24,2.25,76000.00,Software Development
Owen,Alexander,26,4.50,83000.00,Software Development
Chloe,Russell,28,6.75,91000.00,Software Development
Luke,Griffin,30,8.50,98000.00,Software Development
Zoey,Diaz,32,10.25,106000.00,Software Development
Wyatt,Hayes,34,12.25,113000.00,Software Development
Nora,Myers,36,14.50,121000.00,Software Development
Grayson,Ford,38,16.75,128000.00,Software Development
Lily,Hamilton,40,18.25,136000.00,Software Development
Jack,Graham,42,20.50,143000.00,Software Development
Aria,Sullivan,44,22.25,150000.00,Software Development
Julian,Wallace,23,1.50,72000.00,Software Development
Layla,Woods,25,3.50,80000.00,Software Development
Levi,Cole,27,5.75,88000.00,Software Development
Penelope,West,29,7.25,96000.00,Software Development
Isaiah,Jordan,31,9.50,105000.00,Software Development
Riley,Owens,33,11.75,111000.00,Software Development
Mateo,Reynolds,35,13.25,117000.00,Software Development
Hazel,Fisher,37,15.75,126000.00,Software Development
Lincoln,Ellis,39,17.00,134000.00,Software Development
Eleanor,Harrison,41,19.75,142000.00,Software Development
Anna,Martinez,23,1.75,37000.00,Marketing
Blake,Thompson,25,3.25,41000.00,Marketing
Cora,White,27,5.50,46000.00,Marketing
Diego,Harris,29,7.75,50000.00,Marketing
Eva,Clark,31,9.25,53000.00,Marketing
Felix,Lewis,33,11.50,56000.00,Marketing
Gina,Walker,24,2.50,39000.00,Marketing
Hugo,Hall,26,4.75,44000.00,Marketing
Iris,Allen,28,6.25,47000.00,Marketing
Javier,Young,30,8.50,51000.00,Marketing
Kara,King,32,10.75,55000.00,Marketing
Leo,Wright,34,12.25,58000.00,Marketing
Maya,Lopez,22,0.25,34000.00,Marketing
Nolan,Hill,36,14.50,61000.00,Marketing
Olive,Green,38,16.75,64000.00,Marketing
Pablo,Adams,40,18.25,66000.00,Marketing
Quinn,Baker,25,3.75,42000.00,Marketing
Ruby,Nelson,27,5.25,45000.00,Marketing
Seth,Carter,29,7.00,49000.00,Marketing
Tara,Mitchell,31,9.75,54000.00,Marketing
Uri,Perez,33,11.00,57000.00,Marketing
Vera,Roberts,35,13.75,60000.00,Marketing
Wade,Turner,37,15.25,62000.00,Marketing
Xara,Phillips,39,17.50,65000.00,Marketing
Yuki,Campbell,24,2.75,40000.00,Marketing
Zoe,Parker,26,4.25,43000.00,Marketing
Adam,Evans,28,6.50,48000.00,Marketing
Belle,Edwards,30,8.75,52000.00,Marketing
Caleb,Collins,32,10.25,56000.00,Marketing
Delia,Stewart,34,12.75,59000.00,Marketing
Ezra,Sanchez,36,14.00,61000.00,Marketing
Fiona,Morris,38,16.25,63000.00,Marketing
Gavin,Rogers,40,18.50,67000.00,Marketing
Hana,Reed,23,1.25,36000.00,Marketing
Ivan,Cook,25,3.50,42000.00,Marketing
Jade,Morgan,27,5.75,46000.00,Marketing
Kyle,Bell,29,7.25,50000.00,Marketing
Lila,Murphy,31,9.50,54000.00,Marketing
Max,Bailey,33,11.25,57000.00,Marketing
Nina,Rivera,35,13.25,60000.00,Marketing
Omar,Cooper,37,15.75,63000.00,Marketing
Piper,Richardson,39,17.00,65000.00,Marketing
Quinn,Cox,41,19.25,68000.00,Marketing
Rosa,Ward,24,2.25,38000.00,Marketing
Sam,Torres,26,4.50,44000.00,Marketing
Tess,Peterson,28,6.75,49000.00,Marketing
Uriel,Gray,30,8.25,52000.00,Marketing
Vera,James,22,0.50,35000.00,Human Resources
Walter,Watson,24,2.00,43000.00,Human Resources
Xenia,Brooks,26,4.00,48000.00,Human Resources
Yara,Kelly,28,6.50,52000.00,Human Resources
Zara,Sanders,30,8.75,56000.00,Human Resources
Aaron,Price,32,10.50,60000.00,Human Resources
Bella,Bennett,34,12.25,63000.00,Human Resources
Cesar,Wood,36,14.75,67000.00,Human Resources
Dana,Barnes,38,16.25,70000.00,Human Resources
Evan,Ross,40,18.50,73000.00,Human Resources
Faye,Henderson,23,1.50,41000.00,Human Resources
Glen,Coleman,25,3.75,46000.00,Human Resources
Hope,Jenkins,27,5.25,50000.00,Human Resources
Ivan,Perry,29,7.75,54000.00,Human Resources
Juna,Powell,31,9.00,57000.00,Human Resources
Kane,Long,33,11.75,61000.00,Human Resources
Luna,Patterson,35,13.50,64000.00,Human Resources
Miles,Hughes,37,15.00,68000.00,Human Resources
Nova,Flores,39,17.25,71000.00,Human Resources
Owen,Washington,41,19.75,75000.00,Human Resources
Paige,Butler,24,2.75,44000.00,Human Resources
Reed,Simmons,26,4.25,47000.00,Human Resources
Sara,Foster,28,6.00,51000.00,Human Resources
Troy,Gonzales,30,8.50,55000.00,Human Resources
Uma,Bryant,32,10.75,59000.00,Human Resources
Vince,Alexander,34,12.50,62000.00,Human Resources
Wren,Russell,36,14.25,66000.00,Human Resources
Xara,Griffin,38,16.75,69000.00,Human Resources
Yale,Diaz,40,18.00,72000.00,Human Resources
Zoe,Hayes,42,20.25,76000.00,Human Resources
Alex,Myers,25,3.25,45000.00,Human Resources
Beth,Ford,27,5.50,49000.00,Human Resources
Cole,Hamilton,29,7.50,53000.00,Human Resources
Dawn,Graham,31,9.25,58000.00,Human Resources
Eric,Sullivan,33,11.50,62000.00,Human Resources
Fern,Wallace,35,13.00,65000.00,Human Resources
Gage,Woods,37,15.50,68000.00,Human Resources
Hale,Cole,39,17.75,72000.00,Human Resources
Iris,West,41,19.50,75000.00,Human Resources
Jake,Jordan,43,21.25,78000.00,Human Resources
Kay,Owens,22,0.75,40000.00,Human Resources
Lara,Reynolds,24,2.50,43000.00,Human Resources
Mark,Fisher,26,4.75,48000.00,Human Resources
Nell,Ellis,28,6.25,52000.00,Human Resources
Otto,Harrison,30,8.00,56000.00,Human Resources
Penn,Gibson,32,10.00,59000.00,Human Resources
Quin,Mcdonald,34,12.75,63000.00,Human Resources
Rita,Cruz,36,14.50,66000.00,Human Resources
Sage,Marshall,38,16.50,70000.00,Human Resources
Todd,Ortiz,40,18.25,73000.00,Human Resources
Ursa,Gomez,42,20.50,77000.00,Human Resources
Vale,Murray,44,22.00,80000.00,Human Resources